"content_raw","language","level","value","categories","pages","files"
"User af-0‎ (1 P)","af","0","1 P",NA,1,NA
"User af-1‎ (2 P)","af","1","2 P",NA,2,NA
"User af-2‎ (2 P)","af","2","2 P",NA,2,NA
"User af-3‎ (1 P)","af","3","1 P",NA,1,NA
"User af-4‎ (1 P)","af","4","1 P",NA,1,NA
"User af-5‎ (1 P)","af","5","1 P",NA,1,NA
"User af-N‎ (3 P)","af","N","3 P",NA,3,NA
"User am-1‎ (1 P)","am","1","1 P",NA,1,NA
"User an-1‎ (1 P)","an","1","1 P",NA,1,NA
"User ar-1‎ (2 C, 8 P)","ar","1","2 C, 8 P",2,8,NA
"User ar-2‎ (1 C, 3 P)","ar","2","1 C, 3 P",1,3,NA
"User ar-3‎ (2 C, 4 P)","ar","3","2 C, 4 P",2,4,NA
"User ar-4‎ (1 C)","ar","4","1 C",1,NA,NA
"User ar-N‎ (10 C, 19 P)","ar","N","10 C, 19 P",10,19,NA
"User ast-1‎ (1 P)","ast","1","1 P",NA,1,NA
"User ast-2‎ (1 P)","ast","2","1 P",NA,1,NA
"User ast-3‎ (1 P)","ast","3","1 P",NA,1,NA
"User ast-4‎ (1 P)","ast","4","1 P",NA,1,NA
"User ast-N‎ (2 P)","ast","N","2 P",NA,2,NA
"User az-2‎ (1 P)","az","2","1 P",NA,1,NA
"User be-1‎ (3 P)","be","1","3 P",NA,3,NA
"User be-2‎ (2 P)","be","2","2 P",NA,2,NA
"User be-3‎ (2 P)","be","3","2 P",NA,2,NA
"User be-N‎ (12 C, 12 P)","be","N","12 C, 12 P",12,12,NA
"User bg-1‎ (8 P)","bg","1","8 P",NA,8,NA
"User bg-2‎ (1 P)","bg","2","1 P",NA,1,NA
"User bg-3‎ (3 P)","bg","3","3 P",NA,3,NA
"User bg-4‎ (1 P)","bg","4","1 P",NA,1,NA
"User bg-N‎ (1 C, 10 P)","bg","N","1 C, 10 P",1,10,NA
"User bjn-N‎ (1 P)","bjn","N","1 P",NA,1,NA
"User bm-1‎ (1 P)","bm","1","1 P",NA,1,NA
"User bn-N‎ (8 P)","bn","N","8 P",NA,8,NA
"User bo-1‎ (1 P)","bo","1","1 P",NA,1,NA
"User br-1‎ (1 P)","br","1","1 P",NA,1,NA
"User bs-1‎ (1 P)","bs","1","1 P",NA,1,NA
"User bs-2‎ (1 P)","bs","2","1 P",NA,1,NA
"User bs-3‎ (3 P)","bs","3","3 P",NA,3,NA
"User bs-4‎ (1 P)","bs","4","1 P",NA,1,NA
"User bs-N‎ (4 P)","bs","N","4 P",NA,4,NA
"User ca-1‎ (7 P)","ca","1","7 P",NA,7,NA
"User ca-2‎ (5 P)","ca","2","5 P",NA,5,NA
"User ca-3‎ (5 P)","ca","3","5 P",NA,5,NA
"User ca-4‎ (1 P)","ca","4","1 P",NA,1,NA
"User ca-N‎ (34 P)","ca","N","34 P",NA,34,NA
"User chr-1‎ (2 P)","chr","1","2 P",NA,2,NA
"User cr-2‎ (1 P)","cr","2","1 P",NA,1,NA
"User cr-N‎ (1 P)","cr","N","1 P",NA,1,NA
"User cs-1‎ (4 P)","cs","1","4 P",NA,4,NA
"User cs-2‎ (3 P)","cs","2","3 P",NA,3,NA
"User cs-3‎ (6 P)","cs","3","6 P",NA,6,NA
"User cs-4‎ (1 P)","cs","4","1 P",NA,1,NA
"User cs-N‎ (23 P)","cs","N","23 P",NA,23,NA
"User cu-2‎ (1 P)","cu","2","1 P",NA,1,NA
"User cy-1‎ (1 P)","cy","1","1 P",NA,1,NA
"User da-1‎ (8 P)","da","1","8 P",NA,8,NA
"User da-2‎ (1 P)","da","2","1 P",NA,1,NA
"User da-3‎ (2 P)","da","3","2 P",NA,2,NA
"User da-N‎ (17 P)","da","N","17 P",NA,17,NA
"User de-1‎ (7 C, 146 P)","de","1","7 C, 146 P",7,146,NA
"User de-2‎ (3 C, 99 P)","de","2","3 C, 99 P",3,99,NA
"User de-3‎ (4 C, 58 P)","de","3","4 C, 58 P",4,58,NA
"User de-4‎ (6 C, 37 P)","de","4","6 C, 37 P",6,37,NA
"User de-5‎ (6 P)","de","5","6 P",NA,6,NA
"User de-N‎ (12 C, 957 P)","de","N","12 C, 957 P",12,957,NA
"User el-1‎ (1 C, 4 P)","el","1","1 C, 4 P",1,4,NA
"User el-2‎ (1 P)","el","2","1 P",NA,1,NA
"User el-4‎ (3 P)","el","4","3 P",NA,3,NA
"User el-5‎ (1 P)","el","5","1 P",NA,1,NA
"User el-N‎ (3 P)","el","N","3 P",NA,3,NA
"User eml-1‎ (1 P)","eml","1","1 P",NA,1,NA
"User en-0‎ (2 P)","en","0","2 P",NA,2,NA
"User en-1‎ (8 C, 227 P)","en","1","8 C, 227 P",8,227,NA
"User en-2‎ (14 C, 647 P)","en","2","14 C, 647 P",14,647,NA
"User en-3‎ (21 C, 939 P)","en","3","21 C, 939 P",21,939,NA
"User en-4‎ (16 C, 204 P)","en","4","16 C, 204 P",16,204,NA
"User en-5‎ (58 P)","en","5","58 P",NA,58,NA
"User en-N‎ (30 C, 281 P)","en","N","30 C, 281 P",30,281,NA
"User eo-1‎ (22 P)","eo","1","22 P",NA,22,NA
"User eo-2‎ (15 P)","eo","2","15 P",NA,15,NA
"User eo-3‎ (6 P)","eo","3","6 P",NA,6,NA
"User eo-4‎ (2 P)","eo","4","2 P",NA,2,NA
"User es-1‎ (6 C, 161 P)","es","1","6 C, 161 P",6,161,NA
"User es-2‎ (4 C, 64 P)","es","2","4 C, 64 P",4,64,NA
"User es-3‎ (2 C, 45 P)","es","3","2 C, 45 P",2,45,NA
"User es-4‎ (3 C, 15 P)","es","4","3 C, 15 P",3,15,NA
"User es-N‎ (11 C, 158 P)","es","N","11 C, 158 P",11,158,NA
"User et-1‎ (4 P)","et","1","4 P",NA,4,NA
"User et-2‎ (3 P)","et","2","3 P",NA,3,NA
"User et-N‎ (5 P)","et","N","5 P",NA,5,NA
"User eu-2‎ (2 P)","eu","2","2 P",NA,2,NA
"User eu-3‎ (2 P)","eu","3","2 P",NA,2,NA
"User eu-N‎ (5 P)","eu","N","5 P",NA,5,NA
"User fa-2‎ (3 P)","fa","2","3 P",NA,3,NA
"User fa-N‎ (8 P)","fa","N","8 P",NA,8,NA
"User fi-1‎ (8 P)","fi","1","8 P",NA,8,NA
"User fi-2‎ (3 P)","fi","2","3 P",NA,3,NA
"User fi-3‎ (1 P)","fi","3","1 P",NA,1,NA
"User fi-4‎ (1 P)","fi","4","1 P",NA,1,NA
"User fi-N‎ (14 P)","fi","N","14 P",NA,14,NA
"User fur-N‎ (1 C, 8 P)","fur","N","1 C, 8 P",1,8,NA
"User ga-1‎ (1 P)","ga","1","1 P",NA,1,NA
"User ga-2‎ (empty)","ga","2","empty",NA,NA,NA
"User gd-1‎ (2 P)","gd","1","2 P",NA,2,NA
"User gd-2‎ (1 P)","gd","2","1 P",NA,1,NA
"User gd-3‎ (1 P)","gd","3","1 P",NA,1,NA
"User gd-4‎ (1 P)","gd","4","1 P",NA,1,NA
"User gd-5‎ (empty)","gd","5","empty",NA,NA,NA
"User gd-N‎ (1 P)","gd","N","1 P",NA,1,NA
"User gl-N‎ (5 P)","gl","N","5 P",NA,5,NA
"User gov-N‎ (1 P)","gov","N","1 P",NA,1,NA
"User gsw-3‎ (1 P)","gsw","3","1 P",NA,1,NA
"User gsw-4‎ (1 P)","gsw","4","1 P",NA,1,NA
"User gsw-N‎ (2 P)","gsw","N","2 P",NA,2,NA
"User gu-N‎ (1 P)","gu","N","1 P",NA,1,NA
"User he-1‎ (2 C, 3 P)","he","1","2 C, 3 P",2,3,NA
"User he-2‎ (2 P)","he","2","2 P",NA,2,NA
"User he-N‎ (3 C, 2 P)","he","N","3 C, 2 P",3,2,NA
"User hi-3‎ (3 P)","hi","3","3 P",NA,3,NA
"User hi-4‎ (1 P)","hi","4","1 P",NA,1,NA
"User hi-5‎ (1 P)","hi","5","1 P",NA,1,NA
"User hi-N‎ (1 P)","hi","N","1 P",NA,1,NA
"User hr-1‎ (3 P)","hr","1","3 P",NA,3,NA
"User hr-2‎ (2 P)","hr","2","2 P",NA,2,NA
"User hr-3‎ (5 P)","hr","3","5 P",NA,5,NA
"User hr-4‎ (1 P)","hr","4","1 P",NA,1,NA
"User hr-N‎ (1 C, 27 P)","hr","N","1 C, 27 P",1,27,NA
"User ht-2‎ (2 P)","ht","2","2 P",NA,2,NA
"User ht-N‎ (6 P)","ht","N","6 P",NA,6,NA
"User hu-1‎ (8 P)","hu","1","8 P",NA,8,NA
"User hu-N‎ (35 P)","hu","N","35 P",NA,35,NA
"User hy-N‎ (1 C, 3 P)","hy","N","1 C, 3 P",1,3,NA
"User hy-1‎ (1 P)","hy","1","1 P",NA,1,NA
"User ia-2‎ (1 P)","ia","2","1 P",NA,1,NA
"User id-1‎ (4 P)","id","1","4 P",NA,4,NA
"User id-2‎ (3 P)","id","2","3 P",NA,3,NA
"User id-N‎ (4 P)","id","N","4 P",NA,4,NA
"User ilo-2‎ (1 P)","ilo","2","1 P",NA,1,NA
"User is-1‎ (4 P)","is","1","4 P",NA,4,NA
"User it-0‎ (2 P)","it","0","2 P",NA,2,NA
"User it-1‎ (1 C, 48 P)","it","1","1 C, 48 P",1,48,NA
"User it-2‎ (28 P)","it","2","28 P",NA,28,NA
"User it-3‎ (1 C, 18 P)","it","3","1 C, 18 P",1,18,NA
"User it-4‎ (2 P)","it","4","2 P",NA,2,NA
"User it-5‎ (1 P)","it","5","1 P",NA,1,NA
"User it-N‎ (2 C, 116 P)","it","N","2 C, 116 P",2,116,NA
"User iu-1‎ (2 P)","iu","1","2 P",NA,2,NA
"User ja-0‎ (1 P)","ja","0","1 P",NA,1,NA
"User ja-1‎ (1 C, 26 P)","ja","1","1 C, 26 P",1,26,NA
"User ja-2‎ (17 P)","ja","2","17 P",NA,17,NA
"User ja-3‎ (8 P)","ja","3","8 P",NA,8,NA
"User ja-4‎ (3 P)","ja","4","3 P",NA,3,NA
"User ja-N‎ (1 C, 49 P)","ja","N","1 C, 49 P",1,49,NA
"User ka-2‎ (1 P)","ka","2","1 P",NA,1,NA
"User kjp-N‎ (1 P)","kjp","N","1 P",NA,1,NA
"User kl-2‎ (1 P)","kl","2","1 P",NA,1,NA
"User kne-1‎ (1 P)","kne","1","1 P",NA,1,NA
"User ko-N‎ (20 P)","ko","N","20 P",NA,20,NA
"User ko-1‎ (2 P)","ko","1","2 P",NA,2,NA
"User ko-2‎ (empty)","ko","2","empty",NA,NA,NA
"User ko-3‎ (empty)","ko","3","empty",NA,NA,NA
"User ksh-2‎ (2 P)","ksh","2","2 P",NA,2,NA
"User la-1‎ (23 P)","la","1","23 P",NA,23,NA
"User la-2‎ (9 P)","la","2","9 P",NA,9,NA
"User la-3‎ (1 P)","la","3","1 P",NA,1,NA
"User lb-1‎ (1 C, 2 P)","lb","1","1 C, 2 P",1,2,NA
"User lb-2‎ (2 P)","lb","2","2 P",NA,2,NA
"User lb-3‎ (2 P)","lb","3","2 P",NA,2,NA
"User lb-4‎ (1 C)","lb","4","1 C",1,NA,NA
"User lb-N‎ (9 C, 7 P)","lb","N","9 C, 7 P",9,7,NA
"User ldn-1‎ (1 P)","ldn","1","1 P",NA,1,NA
"User li-1‎ (1 P)","li","1","1 P",NA,1,NA
"User li-N‎ (4 P)","li","N","4 P",NA,4,NA
"User lo-1‎ (4 P)","lo","1","4 P",NA,4,NA
"User lt-1‎ (2 P)","lt","1","2 P",NA,2,NA
"User lt-2‎ (1 P)","lt","2","1 P",NA,1,NA
"User lt-3‎ (1 P)","lt","3","1 P",NA,1,NA
"User lt-N‎ (2 P)","lt","N","2 P",NA,2,NA
"User lzh-1‎ (1 P)","lzh","1","1 P",NA,1,NA
"User mi-2‎ (1 P)","mi","2","1 P",NA,1,NA
"User min-N‎ (2 P)","min","N","2 P",NA,2,NA
"User mk-1‎ (1 P)","mk","1","1 P",NA,1,NA
"User mk-2‎ (2 P)","mk","2","2 P",NA,2,NA
"User mk-3‎ (2 P)","mk","3","2 P",NA,2,NA
"User mk-4‎ (1 P)","mk","4","1 P",NA,1,NA
"User mk-N‎ (4 P)","mk","N","4 P",NA,4,NA
"User mr-N‎ (3 P)","mr","N","3 P",NA,3,NA
"User ms-0‎ (1 P)","ms","0","1 P",NA,1,NA
"User ms-1‎ (1 P)","ms","1","1 P",NA,1,NA
"User ms-2‎ (1 P)","ms","2","1 P",NA,1,NA
"User ms-3‎ (1 P)","ms","3","1 P",NA,1,NA
"User ms-4‎ (1 P)","ms","4","1 P",NA,1,NA
"User ms-5‎ (1 P)","ms","5","1 P",NA,1,NA
"User ms-N‎ (3 P)","ms","N","3 P",NA,3,NA
"User my-2‎ (1 P)","my","2","1 P",NA,1,NA
"User nan-2‎ (1 P)","nan","2","1 P",NA,1,NA
"User nan-N‎ (1 P)","nan","N","1 P",NA,1,NA
"User nds-1‎ (2 P)","nds","1","2 P",NA,2,NA
"User nds-2‎ (3 P)","nds","2","3 P",NA,3,NA
"User nl-1‎ (44 P)","nl","1","44 P",NA,44,NA
"User nl-2‎ (13 P)","nl","2","13 P",NA,13,NA
"User nl-3‎ (7 P)","nl","3","7 P",NA,7,NA
"User nl-4‎ (2 P)","nl","4","2 P",NA,2,NA
"User nl-N‎ (72 P)","nl","N","72 P",NA,72,NA
"User no-1‎ (8 P)","no","1","8 P",NA,8,NA
"User no-2‎ (1 C, 8 P)","no","2","1 C, 8 P",1,8,NA
"User no-3‎ (4 P)","no","3","4 P",NA,4,NA
"User no-N‎ (3 C, 15 P)","no","N","3 C, 15 P",3,15,NA
"User oc-4‎ (2 P)","oc","4","2 P",NA,2,NA
"User pa-2‎ (1 P)","pa","2","1 P",NA,1,NA
"User pdt-5‎ (1 P)","pdt","5","1 P",NA,1,NA
"User pl-1‎ (2 C, 12 P)","pl","1","2 C, 12 P",2,12,NA
"User pl-2‎ (1 C, 9 P)","pl","2","1 C, 9 P",1,9,NA
"User pl-3‎ (8 P)","pl","3","8 P",NA,8,NA
"User pl-N‎ (3 C, 70 P)","pl","N","3 C, 70 P",3,70,NA
"User pms-2‎ (1 C, 2 P)","pms","2","1 C, 2 P",1,2,NA
"User pms-3‎ (2 P)","pms","3","2 P",NA,2,NA
"User pnb-2‎ (1 P)","pnb","2","1 P",NA,1,NA
"User pt-0‎ (2 P)","pt","0","2 P",NA,2,NA
"User pt-1‎ (5 C, 25 P)","pt","1","5 C, 25 P",5,25,NA
"User pt-2‎ (5 C, 18 P)","pt","2","5 C, 18 P",5,18,NA
"User pt-3‎ (6 C, 20 P)","pt","3","6 C, 20 P",6,20,NA
"User pt-4‎ (3 C, 4 P)","pt","4","3 C, 4 P",3,4,NA
"User pt-N‎ (8 C, 65 P)","pt","N","8 C, 65 P",8,65,NA
"User pt-BR-N‎ (3 P)","pt","N","3 P",NA,3,NA
"User rgn-2‎ (1 P)","rgn","2","1 P",NA,1,NA
"User ro-1‎ (1 C, 6 P)","ro","1","1 C, 6 P",1,6,NA
"User ro-2‎ (1 P)","ro","2","1 P",NA,1,NA
"User ro-3‎ (3 P)","ro","3","3 P",NA,3,NA
"User ro-4‎ (2 C, 1 P)","ro","4","2 C, 1 P",2,1,NA
"User ro-N‎ (3 P)","ro","N","3 P",NA,3,NA
"User ru-1‎ (3 C, 38 P)","ru","1","3 C, 38 P",3,38,NA
"User ru-2‎ (2 C, 21 P)","ru","2","2 C, 21 P",2,21,NA
"User ru-3‎ (2 C, 19 P)","ru","3","2 C, 19 P",2,19,NA
"User ru-4‎ (2 C, 2 P)","ru","4","2 C, 2 P",2,2,NA
"User ru-N‎ (10 C, 143 P)","ru","N","10 C, 143 P",10,143,NA
"User sa-1‎ (1 P)","sa","1","1 P",NA,1,NA
"User scn-0‎ (1 P)","scn","0","1 P",NA,1,NA
"User scn-1‎ (1 P)","scn","1","1 P",NA,1,NA
"User scn-2‎ (1 P)","scn","2","1 P",NA,1,NA
"User scn-3‎ (1 P)","scn","3","1 P",NA,1,NA
"User scn-4‎ (1 P)","scn","4","1 P",NA,1,NA
"User scn-N‎ (4 P)","scn","N","4 P",NA,4,NA
"User sco-1‎ (1 P)","sco","1","1 P",NA,1,NA
"User sco-N‎ (1 P)","sco","N","1 P",NA,1,NA
"User se-1‎ (3 C, 2 P)","se","1","3 C, 2 P",3,2,NA
"User sh-4‎ (2 P)","sh","4","2 P",NA,2,NA
"User sk-1‎ (4 P)","sk","1","4 P",NA,4,NA
"User sk-2‎ (3 P)","sk","2","3 P",NA,3,NA
"User sk-3‎ (3 P)","sk","3","3 P",NA,3,NA
"User sk-N‎ (17 P)","sk","N","17 P",NA,17,NA
"User sl-1‎ (4 P)","sl","1","4 P",NA,4,NA
"User sl-2‎ (1 P)","sl","2","1 P",NA,1,NA
"User sl-3‎ (1 P)","sl","3","1 P",NA,1,NA
"User sl-N‎ (6 P)","sl","N","6 P",NA,6,NA
"User sq-N‎ (9 P)","sq","N","9 P",NA,9,NA
"User sr-1‎ (3 P)","sr","1","3 P",NA,3,NA
"User sr-2‎ (4 P)","sr","2","4 P",NA,4,NA
"User sr-3‎ (5 P)","sr","3","5 P",NA,5,NA
"User sr-4‎ (1 P)","sr","4","1 P",NA,1,NA
"User sr-N‎ (12 P)","sr","N","12 P",NA,12,NA
"User sv-1‎ (1 C, 27 P)","sv","1","1 C, 27 P",1,27,NA
"User sv-2‎ (20 P)","sv","2","20 P",NA,20,NA
"User sv-3‎ (8 P)","sv","3","8 P",NA,8,NA
"User sv-4‎ (empty)","sv","4","empty",NA,NA,NA
"User sv-N‎ (29 P)","sv","N","29 P",NA,29,NA
"User sw-2‎ (1 P)","sw","2","1 P",NA,1,NA
"User swg-0‎ (1 P)","swg","0","1 P",NA,1,NA
"User swg-1‎ (2 P)","swg","1","2 P",NA,2,NA
"User swg-2‎ (3 P)","swg","2","3 P",NA,3,NA
"User swg-3‎ (2 P)","swg","3","2 P",NA,2,NA
"User swg-4‎ (1 P)","swg","4","1 P",NA,1,NA
"User swg-N‎ (3 P)","swg","N","3 P",NA,3,NA
"User sxu-N‎ (12 P)","sxu","N","12 P",NA,12,NA
"User szl-N‎ (2 P)","szl","N","2 P",NA,2,NA
"User ta-1‎ (1 P)","ta","1","1 P",NA,1,NA
"User th-1‎ (5 P)","th","1","5 P",NA,5,NA
"User th-2‎ (1 P)","th","2","1 P",NA,1,NA
"User th-3‎ (1 P)","th","3","1 P",NA,1,NA
"User th-N‎ (5 P)","th","N","5 P",NA,5,NA
"User tk-1‎ (2 P)","tk","1","2 P",NA,2,NA
"User tl-5‎ (1 P)","tl","5","1 P",NA,1,NA
"User tl-N‎ (9 P)","tl","N","9 P",NA,9,NA
"User tlh-0‎ (2 P)","tlh","0","2 P",NA,2,NA
"User tok-1‎ (1 P)","tok","1","1 P",NA,1,NA
"User tok-3‎ (1 P)","tok","3","1 P",NA,1,NA
"User tr-1‎ (1 C, 6 P)","tr","1","1 C, 6 P",1,6,NA
"User tr-2‎ (3 P)","tr","2","3 P",NA,3,NA
"User tr-3‎ (5 P)","tr","3","5 P",NA,5,NA
"User tr-N‎ (8 P)","tr","N","8 P",NA,8,NA
"User uk-1‎ (2 C, 4 P)","uk","1","2 C, 4 P",2,4,NA
"User uk-2‎ (1 C, 2 P)","uk","2","1 C, 2 P",1,2,NA
"User uk-3‎ (1 C, 7 P)","uk","3","1 C, 7 P",1,7,NA
"User uk-N‎ (4 C, 40 P)","uk","N","4 C, 40 P",4,40,NA
"User ur-N‎ (2 P)","ur","N","2 P",NA,2,NA
"User vec-N‎ (17 P)","vec","N","17 P",NA,17,NA
"User vi-1‎ (1 P)","vi","1","1 P",NA,1,NA
"User vi-2‎ (1 C, 3 P)","vi","2","1 C, 3 P",1,3,NA
"User vi-3‎ (1 P)","vi","3","1 P",NA,1,NA
"User vi-4‎ (1 P)","vi","4","1 P",NA,1,NA
"User vi-N‎ (5 P)","vi","N","5 P",NA,5,NA
"User yi-2‎ (1 P)","yi","2","1 P",NA,1,NA
"User yue-N‎ (2 P)","yue","N","2 P",NA,2,NA
"User zh-1‎ (1 C, 15 P)","zh","1","1 C, 15 P",1,15,NA
"User zh-2‎ (7 P)","zh","2","7 P",NA,7,NA
"User zh-3‎ (3 P)","zh","3","3 P",NA,3,NA
"User zh-N‎ (19 P)","zh","N","19 P",NA,19,NA
"User zh-hans-1‎ (2 P)","zh","1","2 P",NA,2,NA
"User zh-hans-N‎ (1 P)","zh","N","1 P",NA,1,NA
"User zh-Hans-N‎ (14 P)","zh","N","14 P",NA,14,NA
"User zh-hant-1‎ (1 P)","zht","1","1 P",NA,1,NA
"User zh-hant-2‎ (1 P)","zht","2","1 P",NA,1,NA
"User zh-hant-3‎ (1 P)","zht","3","1 P",NA,1,NA
"User zh-hant-N‎ (1 P)","zht","N","1 P",NA,1,NA
"User zh-Hant-2‎ (1 P)","zht","2","1 P",NA,1,NA
"User zh-Hant-3‎ (6 P)","zht","3","6 P",NA,6,NA
"User zh-Hant-4‎ (3 P)","zht","4","3 P",NA,3,NA
"User zh-Hant-5‎ (empty)","zht","5","empty",NA,NA,NA
"User zh-Hant-N‎ (3 P)","zht","N","3 P",NA,3,NA
